cpu,engine,workload,valid,ops_s,min_ops_s,max_ops_s,p99_ms,max_p99_ms,cpu_us_op,connections,classification
1,vex,get,True,140800.48,140303.98,140805.03,0.295,0.295,7.096365663665277,32,invalid search trial; lower bound
1,redis,get,True,129493.85,129439.73,129601.31,0.359,0.367,7.721104539383132,32,SLO boundary observed
1,dragonfly,get,True,107886.92,106656.47,108501.51,0.343,0.343,9.264139263950486,32,SLO boundary observed
1,vex,set,True,140156.3,138561.13,140327.55,0.295,0.303,7.128358360527153,32,invalid search trial; lower bound
1,redis,set,True,117704.65,113322.92,124915.48,0.407,0.423,8.464016573653911,32,SLO boundary observed
1,dragonfly,set,True,101352.38,82461.6,101656.8,0.367,0.439,9.863381582868017,32,SLO boundary observed
2,vex,get,True,255723.83,254286.54,256425.55,2.223,2.287,7.806475958137877,512,SLO boundary observed
2,redis,get,True,133264.77,132856.5,133503.43,1.623,1.631,8.78485871918989,128,SLO boundary observed
2,dragonfly,get,True,179287.12,176048.26,181680.77,0.287,0.295,11.133785989714834,32,SLO boundary observed
2,vex,set,True,256883.97,256099.03,257507.93,2.159,2.271,7.774409900185988,512,invalid search trial; lower bound
2,redis,set,True,127515.65,125626.86,127848.43,1.735,1.743,9.157616729909545,128,SLO boundary observed
2,dragonfly,set,True,174468.11,172014.7,181502.24,4.351,4.511,11.42539607302806,512,SLO boundary observed
4,vex,get,True,505488.22,503300.63,508814.53,1.343,1.431,7.890335831510157,512,SLO boundary observed
4,redis,get,True,381034.72,368362.61,382673.97,2.367,2.655,9.050433865974703,512,SLO boundary observed
4,dragonfly,get,True,326982.04,326064.48,330617.59,0.647,0.647,12.194055046361628,128,SLO boundary observed
4,vex,set,True,509807.75,509038.68,513363.44,1.191,1.319,7.826987276109416,512,SLO boundary observed
4,redis,set,True,359679.66,358644.09,365601.43,2.671,2.767,9.566679449142814,512,SLO boundary observed
4,dragonfly,set,True,309779.62,307293.56,309901.72,0.687,0.743,12.883253800498187,128,SLO boundary observed
8,vex,get,True,999652.94,996508.36,1002430.85,0.815,1.031,7.980290298253224,512,SLO boundary observed
8,redis,get,True,770553.05,759893.54,781175.63,1.215,1.383,10.074831030351218,512,SLO boundary observed
8,dragonfly,get,True,599349.15,576189.96,612672.11,1.607,1.727,13.280319019380045,512,SLO boundary observed
8,vex,set,True,1007557.16,995911.11,1015203.32,0.983,1.071,7.910059780066087,512,SLO boundary observed
8,redis,set,True,731958.63,717378.18,778591.39,1.535,1.543,9.961321971730364,512,SLO boundary observed
8,dragonfly,set,True,570701.74,558001.95,583288.09,1.455,1.535,13.94194228296889,512,SLO boundary observed
16,vex,get,True,1733957.84,1725508.08,1736255.31,1.759,1.775,9.091268245299814,512,SLO boundary observed
16,redis,get,True,875673.15,823397.94,878068.29,2.847,3.007,12.428076244986242,2048,SLO boundary observed
16,dragonfly,get,True,1052454.59,1049859.34,1056338.34,1.679,2.079,15.088550950528639,512,SLO boundary observed
16,vex,set,True,894516.19,880734.11,898500.94,0.303,0.319,12.35044406555256,128,client-limited lower bound
16,redis,set,True,760493.89,717913.07,910901.1,3.199,3.391,11.984861011399023,2048,SLO boundary observed
16,dragonfly,set,True,950036.81,943143.33,958273.83,3.647,3.727,16.624565450612813,2048,SLO boundary observed
