cpu,workload,valid,ops_per_sec,p99_ms,cpu_us_per_op,connections,ops_min,ops_max,server_cpu_cores,cohort,ops_per_allocated_cpu
1,get,True,136023.45,0.295,7.345645497214086,32,134926.64,137379.45,0.9991800430080255,r5,136023.45
1,hash,True,122304.85,0.623,8.165369137064912,64,122242.72,123105.24,0.9986642475033536,r5,122304.85
1,zset,True,115649.39,0.359,8.642269211230765,32,114495.67,116034.94,0.9994731624946191,r5,115649.39
2,get,True,258949.49,0.151,7.719957603143619,32,258262.93,262036.27,1.9990790841556625,r6,129474.745
2,hash,True,230272.63,0.199,8.670388212839967,32,229871.88,232545.62,1.9965530968916592,r6,115136.315
2,zset,True,217530.21,0.199,9.114777303430014,32,215979.24,218664.71,1.9827394209183646,r6,108765.105
4,get,True,494517.43,0.351,8.056063627416151,128,493817.45,495242.94,3.9838638809463127,r6,123629.3575
4,hash,True,432030.79,0.207,9.206003718631592,64,426537.77,439318.49,3.9772770593033444,r6,108007.6975
4,zset,True,406620.09,0.447,9.698258296902772,128,406617.26,413448.94,3.943506661529852,r6,101655.0225
8,get,True,856464.9,0.415,9.243579129286488,256,854037.51,856636.64,7.917695358841633,r6,107058.1125
8,hash,True,740772.89,0.471,10.613534924952452,256,738724.67,741829.27,7.862218939472961,r6,92596.61125
8,zset,True,706987.04,0.511,10.991686851151117,256,705545.72,713559.53,7.77098015150225,r6,88373.38
16,get,True,1523293.57,0.847,10.35914934899895,512,1521412.28,1532138.9,15.780025593999786,r4,95205.848125
16,hash,True,1290356.29,0.807,11.985782804665885,512,1288813.11,1292055.73,15.464107572872418,r4,80647.268125
16,zset,True,1192852.87,0.711,12.653862143522051,512,1190098.56,1204048.33,15.094195774484632,r4,74553.304375
